,Flowcell,Lane,Project,Info treatment/group,Sample,Barcode sequence,PF Clusters,% of the lane,% Perfect barcode,% One mismatch barcode,Yield (Mbases),% PF cluster,% >= Q30 bases,Mean Quality Score
1,AHJCVNBBXX,1,KALKA,Stim1/Stim2-Control-saline,ATII-26__E01_p,ATCACG,"46,600,567",11.73,97.31,2.69,7083,100,94.76,38.84
2,AHJCVNBBXX,1,KALKA,Stim1/Stim2-Control-saline,ATII-26__E02_p,CGATGT,"53,721,204",13.53,97.29,2.71,8166,100,95.7,39.2
3,AHJCVNBBXX,1,KALKA,Stim1/Stim2-Control-saline,ATII-26__E03_p,TTAGGC,"39,712,058",10,97.47,2.53,6036,100,95.77,39.22
4,AHJCVNBBXX,1,KALKA,Stim1/Stim2-Control-saline,ATII-26__E04_p,TGACCA,"51,543,195",12.98,97.36,2.64,7835,100,96.15,39.33
5,AHJCVNBBXX,1,KALKA,Stim1/Stim2-Control-Angiotensin II,ATII-26__E05_p,ACAGTG,"49,949,357",12.58,96.05,3.95,7592,100,95.78,39.22
6,AHJCVNBBXX,1,KALKA,Stim1/Stim2-Control-Angiotensin II,ATII-26__E06_p,GCCAAT,"60,431,370",15.22,97.1,2.9,9186,100,95.77,39.22
7,AHJCVNBBXX,1,KALKA,Stim1/Stim2-Control-Angiotensin II,ATII-26__E07_p,CAGATC,"47,411,075",11.94,97.34,2.66,7206,100,95.79,39.22
8,AHJCVNBBXX,1,KALKA,Stim1/Stim2-Control-Angiotensin II,ATII-26__E08_p,ACTTGA,"44,967,023",11.32,97.5,2.5,6835,100,95.69,39.21
9,AHJCVNBBXX,2,KALKA,Stim1/Stim2-KO-saline,ATII-26__E09_p,GATCAG,"42,648,887",10.88,97.28,2.72,6483,100,95.93,39.27
10,AHJCVNBBXX,2,KALKA,Stim1/Stim2-KO-saline,ATII-26__E10_p,TAGCTT,"56,407,057",14.4,97.28,2.72,8574,100,95.65,39.2
11,AHJCVNBBXX,2,KALKA,Stim1/Stim2-KO-saline,ATII-26__E11_p,GGCTAC,"53,508,311",13.66,96.76,3.24,8133,100,95.49,39.13
12,AHJCVNBBXX,2,KALKA,Stim1/Stim2-KO-saline,ATII-26__E12_p,CTTGTA,"48,748,852",12.44,97.24,2.76,7410,100,95.73,39.21
13,AHJCVNBBXX,2,KALKA,Stim1/Stim2-KO-Angiotensin II,ATII-26__E13_p,AGTCAA,"45,412,205",11.59,97,3,6903,100,95.45,39.13
14,AHJCVNBBXX,2,KALKA,Stim1/Stim2-KO-Angiotensin II,ATII-26__E14_p,AGTTCC,"54,119,051",13.81,96.97,3.03,8226,100,95.75,39.22
15,AHJCVNBBXX,2,KALKA,Stim1/Stim2-KO-Angiotensin II,ATII-26__E15_p,ATGTCA,"41,729,666",10.65,96.74,3.26,6343,100,95.88,39.26
16,AHJCVNBBXX,2,KALKA,Stim1/Stim2-KO-Angiotensin II,ATII-26__E16_p,CCGTCC,"46,711,184",11.92,96.48,3.52,7100,100,94.54,38.82
17,BHJ55GBBXX,7,KALKA,Wu4-Control-saline,Iso41____C01_p,TAGCTT,"58,814,537",14.77,98.88,1.12,"8,940",100,96.62,39.5
18,AHJCVNBBXX,3,KALKA,Wu4-Control-saline,Iso41____C01_t,ATCACG,"46,716,129",11.42,96.93,3.07,7101,100,93.75,38.58
19,BHJ55GBBXX,7,KALKA,Wu4-Control-saline,Iso41____C02_p,CTTGTA,"52,734,461",13.24,98.63,1.37,"8,016",100,96.6,39.5
20,AHJCVNBBXX,3,KALKA,Wu4-Control-saline,Iso41____C02_t,TTAGGC,"46,076,855",11.26,97.29,2.71,7004,100,96.22,39.36
21,BHJ55GBBXX,7,KALKA,Wu4-Control-saline,Iso41____C03_p,AGTTCC,"49,345,626",12.39,98.52,1.48,"7,501",100,96.63,39.51
22,AHJCVNBBXX,3,KALKA,Wu4-Control-saline,Iso41____C03_t,ACTTGA,"46,101,869",11.27,97.42,2.58,7007,100,96.34,39.4
23,BHJ55GBBXX,8,KALKA,Wu4-Control-saline,Iso41____C04_p,ACTTGA,"46,860,309",11.88,98.57,1.43,"7,123",100,96.39,39.43
24,AHJCVNBBXX,3,KALKA,Wu4-Control-saline,Iso41____C04_t,GATCAG,"50,006,125",12.22,97.14,2.86,7601,100,96.26,39.36
25,BHJ55GBBXX,8,KALKA,Wu4-Control-Isoproterenol,Iso41____C05_p,TAGCTT,"48,198,453",12.22,98.47,1.53,"7,326",100,96.48,39.46
26,AHJCVNBBXX,3,KALKA,Wu4-Control-Isoproterenol,Iso41____C05_t,TAGCTT,"62,166,356",15.19,97.13,2.87,9449,100,96.22,39.37
27,BHJ55GBBXX,8,KALKA,Wu4-Control-Isoproterenol,Iso41____C06_p,CTTGTA,"50,155,947",12.71,98.14,1.86,"7,624",100,96.69,39.52
28,AHJCVNBBXX,3,KALKA,Wu4-Control-Isoproterenol,Iso41____C06_t,GGCTAC,"54,864,955",13.41,96.6,3.4,8339,100,95.89,39.25
29,BHJ55GBBXX,8,KALKA,Wu4-Control-Isoproterenol,Iso41____C07_p,AGTTCC,"50,592,957",12.82,98.07,1.93,"7,690",100,96.48,39.46
30,AHJCVNBBXX,3,KALKA,Wu4-Control-Isoproterenol,Iso41____C07_t,GTGGCC,"55,603,039",13.59,96.87,3.13,8452,100,96.36,39.39
31,BHJ55GBBXX,8,KALKA,Wu4-Control-Isoproterenol,Iso41____C08_p,GTCCGC,"50,891,674",12.9,98.14,1.86,"7,736",100,96.39,39.42
32,AHJCVNBBXX,3,KALKA,Wu4-Control-Isoproterenol,Iso41____C08_t,GTTTCG,"45,226,248",11.05,97.09,2.91,6874,100,96.4,39.4
33,BHJ55GBBXX,1,KALKA,Wu4-KO-saline,Iso41____C09_p,GTGAAA,"57,530,372",14.47,98.11,1.89,"8,745",100,96,39.3
34,AHJCVNBBXX,4,KALKA,Wu4-KO-saline,Iso41____C09_t,CGATGT,"55,585,937",13.6,96.99,3.01,8449,100,95.64,39.2
35,BHJ55GBBXX,1,KALKA,Wu4-KO-saline,Iso41____C10_p,GTGGCC,"62,747,873",15.78,98.17,1.83,"9,538",100,96.57,39.49
36,AHJCVNBBXX,4,KALKA,Wu4-KO-saline,Iso41____C10_t,TGACCA,"46,606,313",11.41,97.01,2.99,7084,100,95.89,39.28
37,BHJ55GBBXX,1,KALKA,Wu4-KO-saline,Iso41____C11_p,GTTTCG,"43,698,787",10.99,98.45,1.55,"6,642",100,96.36,39.43
38,AHJCVNBBXX,4,KALKA,Wu4-KO-saline,Iso41____C11_t,ACAGTG,"50,215,775",12.29,95.76,4.24,7633,100,96.14,39.35
39,BHJ55GBBXX,2,KALKA,Wu4-KO-saline,Iso41____C12_p,GTGGCC,"51,963,057",13,98.47,1.53,"7,898",100,96.57,39.49
40,AHJCVNBBXX,4,KALKA,Wu4-KO-saline,Iso41____C12_t,GCCAAT,"48,453,644",11.86,96.84,3.16,7365,100,96.19,39.36
41,BHJ55GBBXX,2,KALKA,Wu4-KO-Isoproterenol,Iso41____C13_p,GTTTCG,"52,291,422",13.09,98.71,1.29,"7,948",100,96.44,39.46
42,AHJCVNBBXX,4,KALKA,Wu4-KO-Isoproterenol,Iso41____C13_t,CAGATC,"48,443,412",11.86,96.9,3.1,7363,100,96.24,39.37
43,BHJ55GBBXX,2,KALKA,Wu4-KO-Isoproterenol,Iso41____C14_p,CGTACG,"53,259,026",13.33,98.77,1.23,"8,095",100,96.34,39.43
44,AHJCVNBBXX,4,KALKA,Wu4-KO-Isoproterenol,Iso41____C14_t,CTTGTA,"47,902,940",11.72,97.07,2.93,7281,100,96.01,39.31
45,BHJ55GBBXX,3,KALKA,Wu4-KO-Isoproterenol,Iso41____C15_p,GTTTCG,"50,764,988",12.69,98.58,1.42,"7,716",100,96.46,39.46
46,AHJCVNBBXX,4,KALKA,Wu4-KO-Isoproterenol,Iso41____C15_t,AGTCAA,"45,815,994",11.21,97.04,2.96,6964,100,95.91,39.27
47,BHJ55GBBXX,3,KALKA,Wu4-KO-Isoproterenol,Iso41____C16_p,CGTACG,"61,637,691",15.4,98.61,1.39,"9,369",100,96.22,39.39
48,AHJCVNBBXX,4,KALKA,Wu4-KO-Isoproterenol,Iso41____C16_t,AGTTCC,"61,960,416",15.16,96.97,3.03,9418,100,96.14,39.34
49,BHJ55GBBXX,3,KALKA,Wu4-Control-sham,TAC09-2d_D01_p,GAGTGG,"57,379,691",14.34,98.67,1.33,"8,722",100,96.47,39.47
50,BHJ55GBBXX,4,KALKA,Wu4-Control-sham,TAC09-2d_D02_p,CGTACG,"49,530,428",12.4,98.78,1.22,"7,529",100,96.47,39.46
51,BHJ55GBBXX,4,KALKA,Wu4-Control-sham,TAC09-2d_D03_p,GAGTGG,"57,130,713",14.31,98.85,1.15,"8,684",100,96.33,39.43
52,BHJ55GBBXX,4,KALKA,Wu4-Control-sham,TAC09-2d_D04_p,ACTGAT,"63,043,469",15.79,98.93,1.07,"9,583",100,96.67,39.53
53,BHJ55GBBXX,5,KALKA,Wu4-Control-TAC (48h),TAC09-2d_D05_p,GAGTGG,"58,180,343",14.83,99.1,0.9,"8,843",100,95.94,39.31
54,BHJ55GBBXX,5,KALKA,Wu4-Control-TAC (48h),TAC09-2d_D06_p,ACTGAT,"60,234,202",15.35,99.14,0.86,"9,156",100,96.19,39.39
55,BHJ55GBBXX,5,KALKA,Wu4-Control-TAC (48h),TAC09-2d_D07_p,ATTCCT,"69,865,878",17.8,98.82,1.18,"10,620",100,96.3,39.42
56,BHJ55GBBXX,6,KALKA,Wu4-KO-sham,TAC09-2d_D09_p,GTGGCC,"52,620,148",12.96,98.31,1.69,"7,998",100,96.61,39.5
57,BHJ55GBBXX,6,KALKA,Wu4-KO-sham,TAC09-2d_D10_p,GTTTCG,"46,075,395",11.35,98.5,1.5,"7,003",100,96.5,39.48
58,BHJ55GBBXX,7,KALKA,Wu4-KO-sham,TAC09-2d_D11_p,GTGGCC,"59,950,909",15.06,98.57,1.43,"9,113",100,96.44,39.45
59,BHJ55GBBXX,7,KALKA,Wu4-KO-sham,TAC09-2d_D12_p,GTTTCG,"39,296,797",9.87,98.74,1.26,"5,973",100,96.49,39.47
60,BHJ55GBBXX,7,KALKA,Wu4-KO-TAC (48h),TAC09-2d_D13_p,CGTACG,"54,706,417",13.74,98.82,1.18,"8,315",100,96.43,39.45
61,BHJ55GBBXX,8,KALKA,Wu4-KO-TAC (48h),TAC09-2d_D14_p,GTTTCG,"42,479,846",10.77,98.35,1.65,"6,457",100,96.73,39.53
62,BHJ55GBBXX,8,KALKA,Wu4-KO-TAC (48h),TAC09-2d_D15_p,CGTACG,"53,533,893",13.57,98.38,1.62,"8,137",100,96.91,39.58
63,BHJ55GBBXX,8,KALKA,Wu4-KO-TAC (48h),TAC09-2d_D16_p,GAGTGG,"49,401,387",12.52,98.33,1.67,"7,509",100,96.46,39.45
64,BHJ55GBBXX,4,KALKA,Wu4-Control-sham,TAC09-7d_B01_p,GATCAG,"39,377,325",9.86,98.76,1.24,"5,985",100,96.62,39.5
65,BHJ55GBBXX,4,KALKA,Wu4-Control-sham,TAC09-7d_B02_p,GGCTAC,"45,874,623",11.49,98.38,1.62,"6,973",100,96.15,39.36
66,BHJ55GBBXX,4,KALKA,Wu4-Control-sham,TAC09-7d_B03_p,AGTCAA,"49,054,111",12.28,98.5,1.5,"7,456",100,96.42,39.45
67,BHJ55GBBXX,4,KALKA,Wu4-Control-sham,TAC09-7d_B04_p,ATGTCA,"45,231,451",11.33,98.35,1.65,"6,875",100,96.42,39.45
68,BHJ55GBBXX,5,KALKA,Wu4-Control-TAC (7 days),TAC09-7d_B05_p,CGATGT,"33,569,809",8.55,98.87,1.13,"5,103",100,96.27,39.4
69,BHJ55GBBXX,5,KALKA,Wu4-Control-TAC (7 days),TAC09-7d_B06_p,TGACCA,"41,850,530",10.66,99.06,0.94,"6,361",100,96.06,39.35
70,BHJ55GBBXX,5,KALKA,Wu4-Control-TAC (7 days),TAC09-7d_B07_p,GCCAAT,"43,593,846",11.11,98.5,1.5,"6,626",100,95.79,39.27
71,BHJ55GBBXX,5,KALKA,Wu4-Control-TAC (7 days),TAC09-7d_B08_p,ACTTGA,"38,155,682",9.72,99.07,0.93,"5,800",100,96,39.33
72,BHJ55GBBXX,5,KALKA,Wu4-KO-sham,TAC09-7d_B09_p,TAGCTT,"44,690,841",11.39,98.84,1.16,"6,793",100,96.19,39.38
73,BHJ55GBBXX,6,KALKA,Wu4-KO-sham,TAC09-7d_B10_p,TGACCA,"55,283,125",13.61,98.67,1.33,"8,403",100,96.77,39.55
74,BHJ55GBBXX,6,KALKA,Wu4-KO-sham,TAC09-7d_B11_p,GCCAAT,"49,553,638",12.2,98.21,1.79,"7,532",100,96.49,39.47
75,BHJ55GBBXX,6,KALKA,Wu4-KO-sham,TAC09-7d_B12_p,ACTTGA,"44,769,064",11.03,98.86,1.14,"6,805",100,96.86,39.58
76,BHJ55GBBXX,6,KALKA,Wu4-KO-TAC (7 days),TAC09-7d_B13_p,TAGCTT,"51,564,458",12.7,98.53,1.47,"7,838",100,96.85,39.58
77,BHJ55GBBXX,6,KALKA,Wu4-KO-TAC (7 days),TAC09-7d_B14_p,CTTGTA,"53,503,360",13.18,98.62,1.38,"8,133",100,96.54,39.48
78,BHJ55GBBXX,7,KALKA,Wu4-KO-TAC (7 days),TAC09-7d_B15_p,GCCAAT,"38,591,343",9.69,98.66,1.34,"5,866",100,96.89,39.58
79,BHJ55GBBXX,7,KALKA,Wu4-KO-TAC (7 days),TAC09-7d_B16_p,ACTTGA,"42,404,918",10.65,99.02,0.98,"6,446",100,96.52,39.47
80,BHJ55GBBXX,6,KALKA,Wu4-Control-TAC (48h),TAC10-2d_D08_p,GTGAAA,"50,486,920",12.43,98.43,1.57,"7,674",100,96.33,39.4
81,BHJ55GBBXX,1,KALKA,WT (C57Bl6/N)-sham,TAC10-7d_A01_p,ATCACG,"45,117,875",11.35,98.43,1.57,"6,858",100,95.84,39.22
82,BHJ55GBBXX,1,KALKA,WT (C57Bl6/N)-sham,TAC10-7d_A02_p,TTAGGC,"45,369,949",11.41,98.68,1.32,"6,896",100,96.28,39.4
83,BHJ55GBBXX,1,KALKA,WT (C57Bl6/N)-sham,TAC10-7d_A03_p,ACAGTG,"44,613,270",11.22,97.3,2.7,"6,781",100,96.38,39.43
84,BHJ55GBBXX,1,KALKA,WT (C57Bl6/N)-sham,TAC10-7d_A04_p,CAGATC,"52,066,117",13.09,98.5,1.5,"7,914",100,96.45,39.45
85,BHJ55GBBXX,1,KALKA,WT (C57Bl6/N)-TAC (7 days),TAC10-7d_A05_p,GATCAG,"43,509,627",10.94,98.56,1.44,"6,613",100,96.29,39.41
86,BHJ55GBBXX,2,KALKA,WT (C57Bl6/N)-TAC (7 days),TAC10-7d_A06_p,TTAGGC,"50,103,697",12.54,98.77,1.23,"7,616",100,96.34,39.42
87,BHJ55GBBXX,2,KALKA,WT (C57Bl6/N)-TAC (7 days),TAC10-7d_A07_p,ACAGTG,"44,260,406",11.08,97.34,2.66,"6,728",100,96.34,39.42
88,BHJ55GBBXX,2,KALKA,WT (C57Bl6/N)-TAC (7 days),TAC10-7d_A08_p,CAGATC,"46,357,077",11.6,98.69,1.31,"7,046",100,96.5,39.47
89,BHJ55GBBXX,2,KALKA,TRPC1/TRPC4-KO-sham,TAC10-7d_A09_p,GATCAG,"44,763,340",11.2,98.75,1.25,"6,804",100,96.46,39.46
90,BHJ55GBBXX,2,KALKA,TRPC1/TRPC4-KO-sham,TAC10-7d_A10_p,GGCTAC,"54,354,906",13.6,98.23,1.77,"8,262",100,95.87,39.28
91,BHJ55GBBXX,3,KALKA,TRPC1/TRPC4-KO-sham,TAC10-7d_A11_p,ACAGTG,"39,791,499",9.94,97.31,2.69,"6,048",100,96.85,39.57
92,BHJ55GBBXX,3,KALKA,TRPC1/TRPC4-KO-sham,TAC10-7d_A12_p,CAGATC,"47,222,077",11.8,98.51,1.49,"7,178",100,96.48,39.46
93,BHJ55GBBXX,3,KALKA,TRPC1/TRPC4-KO-TAC (7 days),TAC10-7d_A13_p,GATCAG,"49,943,447",12.48,98.61,1.39,"7,591",100,96.45,39.45
94,BHJ55GBBXX,3,KALKA,TRPC1/TRPC4-KO-TAC (7 days),TAC10-7d_A14_p,GGCTAC,"49,983,109",12.49,98.08,1.92,"7,597",100,95.88,39.28
95,BHJ55GBBXX,3,KALKA,TRPC1/TRPC4-KO-TAC (7 days),TAC10-7d_A15_p,AGTCAA,"41,167,547",10.29,98.34,1.66,"6,257",100,96.09,39.36
96,BHJ55GBBXX,4,KALKA,TRPC1/TRPC4-KO-TAC (7 days),TAC10-7d_A16_p,CAGATC,"47,847,883",11.98,98.78,1.22,"7,273",100,96.53,39.48
